2025-12-15_18-00-26,0,Main.java:2025-12-15_18-00-26
2025-12-15_18-01-53,0,Main.java:2025-12-15_18-01-53
2025-12-15_18-03-10,0,Main.java:2025-12-15_18-03-10
2025-12-15_18-03-54,0,Main.java:2025-12-15_18-03-54
2025-12-15_18-05-20,0,Main.java:2025-12-15_18-05-20
2025-12-15_18-05-59,0,Main.java:2025-12-15_18-05-59
2025-12-15_18-07-32,0,Main.java:2025-12-15_18-07-32
2025-12-15_18-08-31,0,Main.java:2025-12-15_18-08-31
2025-12-15_18-11-24,0,Main.java:2025-12-15_18-11-24
2025-12-15_18-12-29,0,Main.java:2025-12-15_18-12-29
2025-12-15_18-12-37,0,Main.java:2025-12-15_18-12-37
2025-12-15_18-13-27,0,Main.java:2025-12-15_18-13-27
2025-12-15_18-14-10,0,Main.java:2025-12-15_18-14-10
2025-12-15_18-14-42,0,Main.java:2025-12-15_18-14-42
2025-12-15_18-16-34,0,Main.java:2025-12-15_18-16-34
2025-12-15_18-17-51,0,Main.java:2025-12-15_18-17-51
2025-12-15_18-18-55,0,Main.java:2025-12-15_18-18-55
2025-12-15_18-19-10,0,Main.java:2025-12-15_18-19-10
2025-12-15_18-19-26,0,Main.java:2025-12-15_18-19-26
2025-12-15_18-20-23,0,Main.java:2025-12-15_18-20-23
2025-12-15_18-20-53,0,Main.java:2025-12-15_18-20-53
2025-12-15_18-21-17,0,Main.java:2025-12-15_18-21-17
2025-12-15_18-21-20,0,Main.java:2025-12-15_18-21-17
2025-12-15_18-23-49,0,Main.java:2025-12-15_18-23-49
2025-12-15_18-25-52,0,Main.java:2025-12-15_18-25-52
2025-12-15_18-28-17,0,Main.java:2025-12-15_18-28-17
2025-12-15_18-29-17,0,Main.java:2025-12-15_18-29-17
2025-12-15_18-29-48,0,Main.java:2025-12-15_18-29-48
